"Item","Qty","Reference(s)","Value","LibPart","Footprint","Datasheet","Arrow Part Number","Arrow Price/Stock","Description","Height","Manufacturer_Name","Manufacturer_Part_Number","Mouser Part Number","Mouser Price/Stock"
"1","2","C1, C2","2u2","Device:C_Small","Capacitor_SMD:C_0402_1005Metric_Pad0.74x0.62mm_HandSolder","~","","","","","","","",""
"2","5","C3, C4, C5, C6, C20","10pF","Device:C_Small","Capacitor_SMD:C_0402_1005Metric_Pad0.74x0.62mm_HandSolder","~","","","","","","","",""
"3","2","C7, C8","100n","Device:C_Small","Capacitor_SMD:C_0402_1005Metric_Pad0.74x0.62mm_HandSolder","~","","","","","","","",""
"4","1","C9","1u","Device:C_Small","Capacitor_SMD:C_0402_1005Metric_Pad0.74x0.62mm_HandSolder","~","","","","","","","",""
"5","1","C13","1uF","Device:C_Small","Capacitor_SMD:C_0805_2012Metric","~","","","","","","","",""
"6","1","C14","4.7uF","Device:C_Small","Capacitor_SMD:C_0603_1608Metric","~","","","","","","","",""
"7","1","C15","22uF","Device:C_Small","Capacitor_SMD:C_0805_2012Metric","~","","","","","","","",""
"8","1","C16","1nF","Device:C_Small","Capacitor_SMD:C_0402_1005Metric_Pad0.74x0.62mm_HandSolder","~","","","","","","","",""
"9","1","C17","0.1uF","Device:C_Small","Capacitor_SMD:C_0402_1005Metric_Pad0.74x0.62mm_HandSolder","~","","","","","","","",""
"10","1","C18","6.8nF","Device:C_Small","Capacitor_SMD:C_0402_1005Metric_Pad0.74x0.62mm_HandSolder","~","","","","","","","",""
"11","1","C19","1uF","Device:C_Small","Capacitor_SMD:C_0402_1005Metric_Pad0.74x0.62mm_HandSolder","~","","","","","","","",""
"12","2","C21, C22","22uF","Device:C_Small","Capacitor_SMD:C_0402_1005Metric_Pad0.74x0.62mm_HandSolder","~","","","","","","","",""
"13","6","C23, C24, C34, C35, C36, C37","100nF","Device:C_Small","Capacitor_SMD:C_0402_1005Metric_Pad0.74x0.62mm_HandSolder","~","","","","","","","",""
"14","8","C25, C26, C27, C28, C29, C30, C31, C32","10nF","Device:C_Small","Capacitor_SMD:C_0402_1005Metric_Pad0.74x0.62mm_HandSolder","~","","","","","","","",""
"15","1","C33","4,7uF","Device:C_Small","Capacitor_SMD:C_0603_1608Metric","~","","","","","","","",""
"16","1","D1","LED_Small","Device:LED_Small","LED_SMD:LED_0805_2012Metric","~","","","","","","","",""
"17","1","F1","Fuse","Device:Fuse","Fuse:Fuse_0805_2012Metric","~","","","","","","","",""
"18","1","H1","MountingHole","Mechanical:MountingHole","MountingHole:MountingHole_2.2mm_M2","~","","","","","","","",""
"19","1","IC2","LDO40LPU50RY","WHEEL_07:LDO40LPU50RY","WHEEL-07:SON95P300X300X90-7N-D","https://componentsearchengine.com/Datasheets/1/LDO40LPU50RY.pdf","LDO40LPU50RY","https://www.arrow.com/en/products/ldo40lpu50ry/stmicroelectronics?region=nac","LDO Voltage Regulators 400 mA, 38 V low-dropout regulator","0.9","STMicroelectronics","LDO40LPU50RY","511-LDO40LPU50RY","https://www.mouser.co.uk/ProductDetail/STMicroelectronics/LDO40LPU50RY?qs=qSfuJ%252Bfl%2Fd76TFu8P3XttQ%3D%3D"
"20","1","IC3","MP2332HGTL-P","WHEEL_07_LIBRARY_LOADER:MP2332HGTL-P","WHEEL_07_LIBRARY_LOADER:SOTFL50P160X60-8N","https://eu.mouser.com/datasheet/2/277/MP2332H-1624281.pdf","","","Switching Voltage Regulators High-Efficiency, 2A, 18V, 1200kHz, Synchronous, Step-Down Converter","0.6","Monolithic Power Systems (MPS)","MP2332HGTL-P","946-MP2332HGTL-P","https://www.mouser.co.uk/ProductDetail/Monolithic-Power-Systems-MPS/MP2332HGTL-P?qs=%252B6g0mu59x7LDoxfvqJ695A%3D%3D"
"21","1","IC4","NL27WZ14DTT1G","WHEEL_07_LIBRARY_LOADER:NL27WZ14DTT1G","WHEEL_07_LIBRARY_LOADER:SOT95P275X110-6N","http://www.onsemi.com/pub/Collateral/NL27WZ14-D.PDF","NL27WZ14DTT1G","https://www.arrow.com/en/products/nl27wz14dtt1g/on-semiconductor?region=nac","Dual Schmitt Trigger Inverter","1.1","onsemi","NL27WZ14DTT1G","863-NL27WZ14DTT1G","https://www.mouser.co.uk/ProductDetail/onsemi/NL27WZ14DTT1G?qs=8sOby8ZxZLH4arG7m%2FPhYg%3D%3D"
"22","1","J1","Conn_01x06_Male","Connector:Conn_01x06_Male","Connector_Molex:Molex_Micro-Latch_53254-0670_1x06_P2.00mm_Horizontal","~","","","","","","","",""
"23","1","J2","Conn_01x06_Male","Connector:Conn_01x06_Male","Connector_PinHeader_1.27mm:PinHeader_1x06_P1.27mm_Vertical","~","","","","","","","",""
"24","1","J5","Conn_01x04_Male","Connector:Conn_01x04_Male","Connector_Molex:Molex_Micro-Latch_53254-0470_1x04_P2.00mm_Horizontal","~","","","","","","","",""
"25","6","J7, J8, J9, J10, J14, J15","BUTTON","Connector:Conn_01x02_Male","Connector_Molex:Molex_PicoBlade_53047-0210_1x02_P1.25mm_Vertical","~","","","","","","","",""
"26","1","J11","DBG","Connector_Generic:Conn_02x03_Counter_Clockwise","Connector_PinHeader_1.27mm:PinHeader_2x03_P1.27mm_Vertical","~","","","","","","","",""
"27","1","J12","Conn_01x10","Connector_Generic:Conn_01x10","Connector_Molex:Molex_PicoBlade_53047-1010_1x10_P1.25mm_Vertical","~","","","","","","","",""
"28","1","J16","POWER","Connector:Conn_01x02_Female","Connector_PinHeader_2.54mm:PinHeader_1x02_P2.54mm_Vertical","~","","","","","","","",""
"29","1","J17","TIM","Connector:Conn_01x06_Male","Connector_Molex:Molex_PicoBlade_53047-0610_1x06_P1.25mm_Vertical","~","","","","","","","",""
"30","1","JP1","SolderJumper_3_Open","Jumper:SolderJumper_3_Open","Jumper:SolderJumper-3_P1.3mm_Open_RoundedPad1.0x1.5mm","~","","","","","","","",""
"31","1","L1","2u7 120m","Device:L_Small","Inductor_SMD:L_0402_1005Metric","~","","","","","","","",""
"32","1","L2","2.2uH","Device:L_Small","Inductor_SMD:L_Vishay_IHLP-1616","~","","","","","","","",""
"33","1","Q1","AO3401A","Transistor_FET:AO3401A","Package_TO_SOT_SMD:SOT-23","http://www.aosmd.com/pdfs/datasheet/AO3401A.pdf","","","","","","","",""
"34","11","R1, R12, R13, R16, R17, R18, R20, R21, R22, R23, R24","1k","Device:R_Small","Resistor_SMD:R_0402_1005Metric_Pad0.72x0.64mm_HandSolder","~","","","","","","","",""
"35","2","R2, R3","2k2","Device:R_Small","Resistor_SMD:R_0402_1005Metric_Pad0.72x0.64mm_HandSolder","~","","","","","","","",""
"36","2","R4, R6","120","Device:R_Small","Resistor_SMD:R_0402_1005Metric_Pad0.72x0.64mm_HandSolder","~","","","","","","","",""
"37","1","R5","1k5","Device:R_Small","Resistor_SMD:R_0402_1005Metric_Pad0.72x0.64mm_HandSolder","~","","","","","","","",""
"38","1","R7","200k","Device:R_Small","Resistor_SMD:R_0402_1005Metric_Pad0.72x0.64mm_HandSolder","~","","","","","","","",""
"39","1","R8","20","Device:R_Small","Resistor_SMD:R_0402_1005Metric_Pad0.72x0.64mm_HandSolder","~","","","","","","","",""
"40","1","R9","20k","Device:R_Small","Resistor_SMD:R_0402_1005Metric_Pad0.72x0.64mm_HandSolder","~","","","","","","","",""
"41","1","R10","13k","Device:R_Small","Resistor_SMD:R_0402_1005Metric_Pad0.72x0.64mm_HandSolder","~","","","","","","","",""
"42","1","R11","40.2k","Device:R_Small","Resistor_SMD:R_0402_1005Metric_Pad0.72x0.64mm_HandSolder","~","","","","","","","",""
"43","2","R14, R15","10k","Device:R_Small","Resistor_SMD:R_0402_1005Metric_Pad0.72x0.64mm_HandSolder","~","","","","","","","",""
"44","1","U1","STM32F405RGTx","MCU_ST_STM32F4:STM32F405RGTx","Package_QFP:LQFP-64_10x10mm_P0.5mm","http://www.st.com/st-web-ui/static/active/en/resource/technical/document/datasheet/DM00037051.pdf","","","","","","","",""
"45","2","U2, U3","MCP2561-E-SN","Interface_CAN_LIN:MCP2561-E-SN","Package_SO:SOIC-8_3.9x4.9mm_P1.27mm","http://ww1.microchip.com/downloads/en/DeviceDoc/25167A.pdf","","","","","","","",""
"46","1","Y1","16Mhz","Device:Crystal_GND24_Small","Crystal:Crystal_SMD_2016-4Pin_2.0x1.6mm","~","","","","","","","",""
"47","1","Y2","32KHz","Device:Crystal_Small","Crystal:Crystal_SMD_3215-2Pin_3.2x1.5mm","~","","","","","","","",""
